<?xml version="1.0"?>
<pof-config xmlns:xsi="http://www.w3.org/2001/XMLSchema-instance"
              xmlns="http://xmlns.oracle.com/coherence/coherence-pof-config"
              xsi:schemaLocation="http://xmlns.oracle.com/coherence/coherence-pof-config coherence-pof-config.xsd">
  <user-type-list>
    <!-- coherence POF user types -->

    <include>coherence-pof-config.xml</include>

    <user-type>
       <type-id>9001</type-id>
       <class-name>coherence.Person</class-name>
       <serializer>
          <class-name>coherence.PersonSerializer</class-name>
       </serializer>
    </user-type>
    <user-type>
       <type-id>9002</type-id>
       <class-name>oracle.kv.Key</class-name>
       <serializer>
          <class-name>oracle.kv.coherence.PofKeySerializer</class-name>
       </serializer>
    </user-type>
  </user-type-list>

  <allow-interfaces>true</allow-interfaces>
  <allow-subclasses>true</allow-subclasses>
</pof-config>

